[
    {
        "Product_ID":"001",
        "Product_Name":"Eco-Friendly Bags",
        "Category":"Environment",
        "Unit_Cost_USD":2.0,
        "Selling_Price_USD":5.0,
        "Quantity_Sold":1000,
        "Total_Revenue_USD":5000.0,
        "Beneficiaries":500,
        "Location":"Bhubaneswar",
        "Sales_Date":1673740800000,
        "Sales_Manager":"Biswa Mohanty",
        "NGO_Branch":"Ama Odisha",
        "Campaign_Name":"Green Odisha Drive",
        "Donor_Name":"Kalinga EcoFund",
        "Funds_Allocated_USD":10000.0,
        "Funds_Utilized_USD":5000.0,
        "Notes":"High demand",
        "Status":"Completed",
        "Product_Condition":"New",
        "Delivery_Mode":"Direct"
    },
    {
        "Product_ID":"002",
        "Product_Name":"Reusable Water Bottles",
        "Category":"Environment",
        "Unit_Cost_USD":3.0,
        "Selling_Price_USD":7.0,
        "Quantity_Sold":800,
        "Total_Revenue_USD":5600.0,
        "Beneficiaries":400,
        "Location":"Cuttack",
        "Sales_Date":1675987200000,
        "Sales_Manager":"Madhusmita Nayak",
        "NGO_Branch":"Seva Odisha",
        "Campaign_Name":"Clean Water Mission",
        "Donor_Name":"Mahanadi Trust",
        "Funds_Allocated_USD":8000.0,
        "Funds_Utilized_USD":4500.0,
        "Notes":"Good response",
        "Status":"Ongoing",
        "Product_Condition":"New",
        "Delivery_Mode":"Online"
    },
    {
        "Product_ID":"003",
        "Product_Name":"Solar Lanterns",
        "Category":"Energy",
        "Unit_Cost_USD":10.0,
        "Selling_Price_USD":20.0,
        "Quantity_Sold":500,
        "Total_Revenue_USD":10000.0,
        "Beneficiaries":1000,
        "Location":"Kendrapara",
        "Sales_Date":1677974400000,
        "Sales_Manager":"Prakash Das",
        "NGO_Branch":"Utkal Jyoti",
        "Campaign_Name":"Bijuli Jyoti Yojana",
        "Donor_Name":"Sunlight Odisha",
        "Funds_Allocated_USD":15000.0,
        "Funds_Utilized_USD":10000.0,
        "Notes":"Delivered on time",
        "Status":"Completed",
        "Product_Condition":"Refurbished",
        "Delivery_Mode":"Direct"
    },
    {
        "Product_ID":"004",
        "Product_Name":"Sanitary Kits",
        "Category":"Health",
        "Unit_Cost_USD":5.0,
        "Selling_Price_USD":10.0,
        "Quantity_Sold":1200,
        "Total_Revenue_USD":12000.0,
        "Beneficiaries":600,
        "Location":"Puri",
        "Sales_Date":1681948800000,
        "Sales_Manager":"Sasmita Kar",
        "NGO_Branch":"Swasthya Odisha",
        "Campaign_Name":"Health for All",
        "Donor_Name":"Jagannath Seva",
        "Funds_Allocated_USD":20000.0,
        "Funds_Utilized_USD":15000.0,
        "Notes":"Distributed in schools",
        "Status":"Ongoing",
        "Product_Condition":"New",
        "Delivery_Mode":"Direct"
    },
    {
        "Product_ID":"005",
        "Product_Name":"School Kits",
        "Category":"Education",
        "Unit_Cost_USD":8.0,
        "Selling_Price_USD":15.0,
        "Quantity_Sold":900,
        "Total_Revenue_USD":13500.0,
        "Beneficiaries":450,
        "Location":"Balasore",
        "Sales_Date":1683849600000,
        "Sales_Manager":"Rakesh Parida",
        "NGO_Branch":"Shiksha Odisha",
        "Campaign_Name":"Back to School",
        "Donor_Name":"Vidya Jyoti",
        "Funds_Allocated_USD":12000.0,
        "Funds_Utilized_USD":9000.0,
        "Notes":"Delayed delivery",
        "Status":"Ongoing",
        "Product_Condition":"New",
        "Delivery_Mode":"Online"
    },
    {
        "Product_ID":"006",
        "Product_Name":"Organic Seeds",
        "Category":"Agriculture",
        "Unit_Cost_USD":1.5,
        "Selling_Price_USD":3.0,
        "Quantity_Sold":2000,
        "Total_Revenue_USD":6000.0,
        "Beneficiaries":1000,
        "Location":"Sambalpur",
        "Sales_Date":1687046400000,
        "Sales_Manager":"Ankita Behera",
        "NGO_Branch":"Krushi Odisha",
        "Campaign_Name":"Grow Green",
        "Donor_Name":"Mati Seva",
        "Funds_Allocated_USD":5000.0,
        "Funds_Utilized_USD":4000.0,
        "Notes":"High demand in rural areas",
        "Status":"Completed",
        "Product_Condition":"New",
        "Delivery_Mode":"Direct"
    },
    {
        "Product_ID":"007",
        "Product_Name":"Handmade Soaps",
        "Category":"Health",
        "Unit_Cost_USD":2.5,
        "Selling_Price_USD":6.0,
        "Quantity_Sold":1500,
        "Total_Revenue_USD":9000.0,
        "Beneficiaries":750,
        "Location":"Rourkela",
        "Sales_Date":1689984000000,
        "Sales_Manager":"Dibya Ranjan Patnaik",
        "NGO_Branch":"Swastha Seva",
        "Campaign_Name":"Clean Hands Drive",
        "Donor_Name":"Hygiene Odisha",
        "Funds_Allocated_USD":10000.0,
        "Funds_Utilized_USD":7000.0,
        "Notes":"Good sales",
        "Status":"Ongoing",
        "Product_Condition":"New",
        "Delivery_Mode":"Online"
    },
    {
        "Product_ID":"008",
        "Product_Name":"Recycled Notebooks",
        "Category":"Education",
        "Unit_Cost_USD":1.0,
        "Selling_Price_USD":3.0,
        "Quantity_Sold":2500,
        "Total_Revenue_USD":7500.0,
        "Beneficiaries":1250,
        "Location":"Berhampur",
        "Sales_Date":1693353600000,
        "Sales_Manager":"Manaswini Sahu",
        "NGO_Branch":"Shiksha Seva",
        "Campaign_Name":"Paper for Education",
        "Donor_Name":"Pustak Fund",
        "Funds_Allocated_USD":8000.0,
        "Funds_Utilized_USD":6000.0,
        "Notes":"Distributed in schools",
        "Status":"Completed",
        "Product_Condition":"Recycled",
        "Delivery_Mode":"Direct"
    },
    {
        "Product_ID":"009",
        "Product_Name":"Water Filters",
        "Category":"Health",
        "Unit_Cost_USD":12.0,
        "Selling_Price_USD":25.0,
        "Quantity_Sold":600,
        "Total_Revenue_USD":15000.0,
        "Beneficiaries":300,
        "Location":"Bhadrak",
        "Sales_Date":1694649600000,
        "Sales_Manager":"Laxmikanta Senapati",
        "NGO_Branch":"Water Odisha",
        "Campaign_Name":"Clean Water Drive",
        "Donor_Name":"WaterAid Odisha",
        "Funds_Allocated_USD":20000.0,
        "Funds_Utilized_USD":15000.0,
        "Notes":"Installation ongoing",
        "Status":"Ongoing",
        "Product_Condition":"New",
        "Delivery_Mode":"Direct"
    },
    {
        "Product_ID":"010",
        "Product_Name":"Eco-Friendly Utensils",
        "Category":"Environment",
        "Unit_Cost_USD":4.0,
        "Selling_Price_USD":8.0,
        "Quantity_Sold":1000,
        "Total_Revenue_USD":8000.0,
        "Beneficiaries":500,
        "Location":"Jharsuguda",
        "Sales_Date":1696464000000,
        "Sales_Manager":"Mamata Mohapatra",
        "NGO_Branch":"Zero Waste Odisha",
        "Campaign_Name":"Plastic Free Odisha",
        "Donor_Name":"Green Future",
        "Funds_Allocated_USD":12000.0,
        "Funds_Utilized_USD":8000.0,
        "Notes":"Good response",
        "Status":"Ongoing",
        "Product_Condition":"New",
        "Delivery_Mode":"Online"
    },
    {
        "Product_ID":"011",
        "Product_Name":"Eco-Friendly Bags",
        "Category":"Environment",
        "Unit_Cost_USD":2.0,
        "Selling_Price_USD":5.0,
        "Quantity_Sold":1000,
        "Total_Revenue_USD":5000.0,
        "Beneficiaries":500,
        "Location":"Urban Area A",
        "Sales_Date":1673740800000,
        "Sales_Manager":"John Doe",
        "NGO_Branch":"Branch A",
        "Campaign_Name":"Green Earth Campaign",
        "Donor_Name":"Green Fund",
        "Funds_Allocated_USD":10000.0,
        "Funds_Utilized_USD":5000.0,
        "Notes":"High demand",
        "Status":"Completed",
        "Product_Condition":"New",
        "Delivery_Mode":"Direct"
    },
    {
        "Product_ID":"012",
        "Product_Name":"Reusable Water Bottles",
        "Category":"Environment",
        "Unit_Cost_USD":3.0,
        "Selling_Price_USD":7.0,
        "Quantity_Sold":800,
        "Total_Revenue_USD":5600.0,
        "Beneficiaries":400,
        "Location":"Rural Area B",
        "Sales_Date":1675987200000,
        "Sales_Manager":"Jane Smith",
        "NGO_Branch":"Branch B",
        "Campaign_Name":"Clean Water Initiative",
        "Donor_Name":"Blue Ocean",
        "Funds_Allocated_USD":8000.0,
        "Funds_Utilized_USD":4500.0,
        "Notes":"Good response",
        "Status":"Ongoing",
        "Product_Condition":"New",
        "Delivery_Mode":"Online"
    },
    {
        "Product_ID":"013",
        "Product_Name":"Solar Lanterns",
        "Category":"Energy",
        "Unit_Cost_USD":10.0,
        "Selling_Price_USD":20.0,
        "Quantity_Sold":500,
        "Total_Revenue_USD":10000.0,
        "Beneficiaries":1000,
        "Location":"Rural Area C",
        "Sales_Date":1677974400000,
        "Sales_Manager":"Alice Johnson",
        "NGO_Branch":"Branch C",
        "Campaign_Name":"Light Up Lives",
        "Donor_Name":"Sun Foundation",
        "Funds_Allocated_USD":15000.0,
        "Funds_Utilized_USD":10000.0,
        "Notes":"Delivered on time",
        "Status":"Completed",
        "Product_Condition":"Refurbished",
        "Delivery_Mode":"Direct"
    },
    {
        "Product_ID":"014",
        "Product_Name":"Sanitary Kits",
        "Category":"Health",
        "Unit_Cost_USD":5.0,
        "Selling_Price_USD":10.0,
        "Quantity_Sold":1200,
        "Total_Revenue_USD":12000.0,
        "Beneficiaries":600,
        "Location":"Urban Area D",
        "Sales_Date":1681948800000,
        "Sales_Manager":"Michael Brown",
        "NGO_Branch":"Branch D",
        "Campaign_Name":"Health for All",
        "Donor_Name":"Health Aid",
        "Funds_Allocated_USD":20000.0,
        "Funds_Utilized_USD":15000.0,
        "Notes":"Distributed in schools",
        "Status":"Ongoing",
        "Product_Condition":"New",
        "Delivery_Mode":"Direct"
    },
    {
        "Product_ID":"015",
        "Product_Name":"School Kits",
        "Category":"Education",
        "Unit_Cost_USD":8.0,
        "Selling_Price_USD":15.0,
        "Quantity_Sold":900,
        "Total_Revenue_USD":13500.0,
        "Beneficiaries":450,
        "Location":"Rural Area E",
        "Sales_Date":1683849600000,
        "Sales_Manager":"Sarah Lee",
        "NGO_Branch":"Branch E",
        "Campaign_Name":"Back to School",
        "Donor_Name":"EduCare",
        "Funds_Allocated_USD":12000.0,
        "Funds_Utilized_USD":9000.0,
        "Notes":"Delayed delivery",
        "Status":"Ongoing",
        "Product_Condition":"New",
        "Delivery_Mode":"Online"
    },
    {
        "Product_ID":"016",
        "Product_Name":"Organic Seeds",
        "Category":"Agriculture",
        "Unit_Cost_USD":1.5,
        "Selling_Price_USD":3.0,
        "Quantity_Sold":2000,
        "Total_Revenue_USD":6000.0,
        "Beneficiaries":1000,
        "Location":"Rural Area F",
        "Sales_Date":1687046400000,
        "Sales_Manager":"David Wilson",
        "NGO_Branch":"Branch F",
        "Campaign_Name":"Grow Green",
        "Donor_Name":"Farm Aid",
        "Funds_Allocated_USD":5000.0,
        "Funds_Utilized_USD":4000.0,
        "Notes":"High demand in rural areas",
        "Status":"Completed",
        "Product_Condition":"New",
        "Delivery_Mode":"Direct"
    },
    {
        "Product_ID":"017",
        "Product_Name":"Handmade Soaps",
        "Category":"Health",
        "Unit_Cost_USD":2.5,
        "Selling_Price_USD":6.0,
        "Quantity_Sold":1500,
        "Total_Revenue_USD":9000.0,
        "Beneficiaries":750,
        "Location":"Urban Area G",
        "Sales_Date":1689984000000,
        "Sales_Manager":"Emily Davis",
        "NGO_Branch":"Branch G",
        "Campaign_Name":"Clean Hands Campaign",
        "Donor_Name":"Hygiene First",
        "Funds_Allocated_USD":10000.0,
        "Funds_Utilized_USD":7000.0,
        "Notes":"Good sales",
        "Status":"Ongoing",
        "Product_Condition":"New",
        "Delivery_Mode":"Online"
    },
    {
        "Product_ID":"018",
        "Product_Name":"Recycled Notebooks",
        "Category":"Education",
        "Unit_Cost_USD":1.0,
        "Selling_Price_USD":3.0,
        "Quantity_Sold":2500,
        "Total_Revenue_USD":7500.0,
        "Beneficiaries":1250,
        "Location":"Rural Area H",
        "Sales_Date":1693353600000,
        "Sales_Manager":"Robert Taylor",
        "NGO_Branch":"Branch H",
        "Campaign_Name":"Paper for Education",
        "Donor_Name":"EcoFund",
        "Funds_Allocated_USD":8000.0,
        "Funds_Utilized_USD":6000.0,
        "Notes":"Distributed in schools",
        "Status":"Completed",
        "Product_Condition":"Recycled",
        "Delivery_Mode":"Direct"
    },
    {
        "Product_ID":"019",
        "Product_Name":"Water Filters",
        "Category":"Health",
        "Unit_Cost_USD":12.0,
        "Selling_Price_USD":25.0,
        "Quantity_Sold":600,
        "Total_Revenue_USD":15000.0,
        "Beneficiaries":300,
        "Location":"Rural Area I",
        "Sales_Date":1694649600000,
        "Sales_Manager":"Laura Martinez",
        "NGO_Branch":"Branch I",
        "Campaign_Name":"Clean Water for All",
        "Donor_Name":"WaterAid",
        "Funds_Allocated_USD":20000.0,
        "Funds_Utilized_USD":15000.0,
        "Notes":"Installation ongoing",
        "Status":"Ongoing",
        "Product_Condition":"New",
        "Delivery_Mode":"Direct"
    },
    {
        "Product_ID":"020",
        "Product_Name":"Eco-Friendly Utensils",
        "Category":"Environment",
        "Unit_Cost_USD":4.0,
        "Selling_Price_USD":8.0,
        "Quantity_Sold":1000,
        "Total_Revenue_USD":8000.0,
        "Beneficiaries":500,
        "Location":"Urban Area J",
        "Sales_Date":1696464000000,
        "Sales_Manager":"James Anderson",
        "NGO_Branch":"Branch J",
        "Campaign_Name":"Zero Waste Campaign",
        "Donor_Name":"Green Future",
        "Funds_Allocated_USD":12000.0,
        "Funds_Utilized_USD":8000.0,
        "Notes":"Good response",
        "Status":"Ongoing",
        "Product_Condition":"New",
        "Delivery_Mode":"Online"
    },
    {
        "Product_ID":"021",
        "Product_Name":"Mosquito Nets",
        "Category":"Health",
        "Unit_Cost_USD":6.0,
        "Selling_Price_USD":12.0,
        "Quantity_Sold":1200,
        "Total_Revenue_USD":14400.0,
        "Beneficiaries":600,
        "Location":"Rural Area K",
        "Sales_Date":1699574400000,
        "Sales_Manager":"Maria Garcia",
        "NGO_Branch":"Branch K",
        "Campaign_Name":"Malaria Free Zone",
        "Donor_Name":"Health First",
        "Funds_Allocated_USD":15000.0,
        "Funds_Utilized_USD":12000.0,
        "Notes":"Distributed in villages",
        "Status":"Completed",
        "Product_Condition":"New",
        "Delivery_Mode":"Direct"
    },
    {
        "Product_ID":"022",
        "Product_Name":"Solar Chargers",
        "Category":"Energy",
        "Unit_Cost_USD":15.0,
        "Selling_Price_USD":30.0,
        "Quantity_Sold":400,
        "Total_Revenue_USD":12000.0,
        "Beneficiaries":200,
        "Location":"Rural Area L",
        "Sales_Date":1701388800000,
        "Sales_Manager":"Daniel Clark",
        "NGO_Branch":"Branch L",
        "Campaign_Name":"Power for All",
        "Donor_Name":"Sun Energy",
        "Funds_Allocated_USD":10000.0,
        "Funds_Utilized_USD":8000.0,
        "Notes":"Installation ongoing",
        "Status":"Ongoing",
        "Product_Condition":"Refurbished",
        "Delivery_Mode":"Direct"
    },
    {
        "Product_ID":"023",
        "Product_Name":"First Aid Kits",
        "Category":"Health",
        "Unit_Cost_USD":7.0,
        "Selling_Price_USD":15.0,
        "Quantity_Sold":800,
        "Total_Revenue_USD":12000.0,
        "Beneficiaries":400,
        "Location":"Urban Area M",
        "Sales_Date":1705276800000,
        "Sales_Manager":"Olivia White",
        "NGO_Branch":"Branch M",
        "Campaign_Name":"Health First",
        "Donor_Name":"Care Fund",
        "Funds_Allocated_USD":12000.0,
        "Funds_Utilized_USD":9000.0,
        "Notes":"Distributed in clinics",
        "Status":"Ongoing",
        "Product_Condition":"New",
        "Delivery_Mode":"Online"
    },
    {
        "Product_ID":"024",
        "Product_Name":"Eco-Friendly Clothing",
        "Category":"Environment",
        "Unit_Cost_USD":10.0,
        "Selling_Price_USD":20.0,
        "Quantity_Sold":600,
        "Total_Revenue_USD":12000.0,
        "Beneficiaries":300,
        "Location":"Urban Area N",
        "Sales_Date":1708387200000,
        "Sales_Manager":"William Harris",
        "NGO_Branch":"Branch N",
        "Campaign_Name":"Sustainable Fashion",
        "Donor_Name":"Green Threads",
        "Funds_Allocated_USD":15000.0,
        "Funds_Utilized_USD":10000.0,
        "Notes":"Good sales",
        "Status":"Ongoing",
        "Product_Condition":"New",
        "Delivery_Mode":"Direct"
    },
    {
        "Product_ID":"025",
        "Product_Name":"Educational Toys",
        "Category":"Education",
        "Unit_Cost_USD":5.0,
        "Selling_Price_USD":10.0,
        "Quantity_Sold":1000,
        "Total_Revenue_USD":10000.0,
        "Beneficiaries":500,
        "Location":"Rural Area O",
        "Sales_Date":1709596800000,
        "Sales_Manager":"Sophia Lewis",
        "NGO_Branch":"Branch O",
        "Campaign_Name":"Play and Learn",
        "Donor_Name":"EduToys",
        "Funds_Allocated_USD":8000.0,
        "Funds_Utilized_USD":6000.0,
        "Notes":"Distributed in schools",
        "Status":"Completed",
        "Product_Condition":"New",
        "Delivery_Mode":"Direct"
    },
    {
        "Product_ID":"026",
        "Product_Name":"Water Purifiers",
        "Category":"Health",
        "Unit_Cost_USD":20.0,
        "Selling_Price_USD":40.0,
        "Quantity_Sold":300,
        "Total_Revenue_USD":12000.0,
        "Beneficiaries":150,
        "Location":"Rural Area P",
        "Sales_Date":1712707200000,
        "Sales_Manager":"Ethan Walker",
        "NGO_Branch":"Branch P",
        "Campaign_Name":"Clean Water for All",
        "Donor_Name":"WaterCare",
        "Funds_Allocated_USD":25000.0,
        "Funds_Utilized_USD":20000.0,
        "Notes":"Installation ongoing",
        "Status":"Ongoing",
        "Product_Condition":"New",
        "Delivery_Mode":"Direct"
    },
    {
        "Product_ID":"027",
        "Product_Name":"Eco-Friendly Shoes",
        "Category":"Environment",
        "Unit_Cost_USD":8.0,
        "Selling_Price_USD":15.0,
        "Quantity_Sold":700,
        "Total_Revenue_USD":10500.0,
        "Beneficiaries":350,
        "Location":"Urban Area Q",
        "Sales_Date":1715731200000,
        "Sales_Manager":"Ava Hall",
        "NGO_Branch":"Branch Q",
        "Campaign_Name":"Walk Green",
        "Donor_Name":"EcoSteps",
        "Funds_Allocated_USD":12000.0,
        "Funds_Utilized_USD":9000.0,
        "Notes":"Good response",
        "Status":"Ongoing",
        "Product_Condition":"New",
        "Delivery_Mode":"Online"
    },
    {
        "Product_ID":"028",
        "Product_Name":"Sanitary Pads",
        "Category":"Health",
        "Unit_Cost_USD":3.0,
        "Selling_Price_USD":6.0,
        "Quantity_Sold":1500,
        "Total_Revenue_USD":9000.0,
        "Beneficiaries":750,
        "Location":"Rural Area R",
        "Sales_Date":1718841600000,
        "Sales_Manager":"Noah Young",
        "NGO_Branch":"Branch R",
        "Campaign_Name":"Health for Women",
        "Donor_Name":"WomenCare",
        "Funds_Allocated_USD":10000.0,
        "Funds_Utilized_USD":7000.0,
        "Notes":"Distributed in villages",
        "Status":"Completed",
        "Product_Condition":"New",
        "Delivery_Mode":"Direct"
    },
    {
        "Product_ID":"029",
        "Product_Name":"Mosquito Nets",
        "Category":"Health",
        "Unit_Cost_USD":6.0,
        "Selling_Price_USD":12.0,
        "Quantity_Sold":1200,
        "Total_Revenue_USD":14400.0,
        "Beneficiaries":600,
        "Location":"Rayagada",
        "Sales_Date":1699574400000,
        "Sales_Manager":"Subhashree Mishra",
        "NGO_Branch":"Swasthya Odisha",
        "Campaign_Name":"Malaria Prevention",
        "Donor_Name":"Health First",
        "Funds_Allocated_USD":15000.0,
        "Funds_Utilized_USD":12000.0,
        "Notes":"Distributed in villages",
        "Status":"Completed",
        "Product_Condition":"New",
        "Delivery_Mode":"Direct"
    },
    {
        "Product_ID":"030",
        "Product_Name":"Solar Chargers",
        "Category":"Energy",
        "Unit_Cost_USD":15.0,
        "Selling_Price_USD":30.0,
        "Quantity_Sold":400,
        "Total_Revenue_USD":12000.0,
        "Beneficiaries":200,
        "Location":"Nuapada",
        "Sales_Date":1701388800000,
        "Sales_Manager":"Biswajit Sahoo",
        "NGO_Branch":"Utkal Jyoti",
        "Campaign_Name":"Solar Power for All",
        "Donor_Name":"Sun Energy",
        "Funds_Allocated_USD":10000.0,
        "Funds_Utilized_USD":8000.0,
        "Notes":"Installation ongoing",
        "Status":"Ongoing",
        "Product_Condition":"Refurbished",
        "Delivery_Mode":"Direct"
    },
    {
        "Product_ID":"031",
        "Product_Name":"First Aid Kits",
        "Category":"Health",
        "Unit_Cost_USD":7.0,
        "Selling_Price_USD":15.0,
        "Quantity_Sold":800,
        "Total_Revenue_USD":12000.0,
        "Beneficiaries":400,
        "Location":"Malkangiri",
        "Sales_Date":1705276800000,
        "Sales_Manager":"Rohit Pradhan",
        "NGO_Branch":"Swasthya Seva",
        "Campaign_Name":"Emergency Medical Aid",
        "Donor_Name":"Care Fund",
        "Funds_Allocated_USD":12000.0,
        "Funds_Utilized_USD":9000.0,
        "Notes":"Distributed in clinics",
        "Status":"Ongoing",
        "Product_Condition":"New",
        "Delivery_Mode":"Online"
    },
    {
        "Product_ID":"032",
        "Product_Name":"Eco-Friendly Clothing",
        "Category":"Environment",
        "Unit_Cost_USD":10.0,
        "Selling_Price_USD":20.0,
        "Quantity_Sold":600,
        "Total_Revenue_USD":12000.0,
        "Beneficiaries":300,
        "Location":"Dhenkanal",
        "Sales_Date":1708387200000,
        "Sales_Manager":"Tanushree Nayak",
        "NGO_Branch":"Green Odisha",
        "Campaign_Name":"Sustainable Fashion",
        "Donor_Name":"Eco Threads",
        "Funds_Allocated_USD":15000.0,
        "Funds_Utilized_USD":10000.0,
        "Notes":"Good sales",
        "Status":"Ongoing",
        "Product_Condition":"New",
        "Delivery_Mode":"Direct"
    },
    {
        "Product_ID":"033",
        "Product_Name":"Educational Toys",
        "Category":"Education",
        "Unit_Cost_USD":5.0,
        "Selling_Price_USD":10.0,
        "Quantity_Sold":1000,
        "Total_Revenue_USD":10000.0,
        "Beneficiaries":500,
        "Location":"Nabarangpur",
        "Sales_Date":1709596800000,
        "Sales_Manager":"Satya Ranjan Behera",
        "NGO_Branch":"Shiksha Odisha",
        "Campaign_Name":"Play and Learn",
        "Donor_Name":"EduToys",
        "Funds_Allocated_USD":8000.0,
        "Funds_Utilized_USD":6000.0,
        "Notes":"Distributed in schools",
        "Status":"Completed",
        "Product_Condition":"New",
        "Delivery_Mode":"Direct"
    }
]